id|rol|edad|emocion|categoria_x|text
1|Victima|28|neutral|ataque_cardiaco|Me duele mucho el pecho como si alguien me estuviera apuñalando no puedo respirar, ¿qué hago?
2|Victima|32|neutral|trauma|Iba manejando y un camión me chocó de frente el volante me aplastó el pecho tengo mucho dolor
3|Victima|27|neutral|trauma|Me caí de la moto en la carretera tengo raspado todo el brazo y veo la carne
4|Victima|30|neutral|trauma|Me cayó una lámina en la obra me aplastó la pierna y no la siento
5|Victima|29|neutral|hemorragia_grave|Me picó una mantarraya en la playa no dejo de sangrar y me duele la pierna, ¿qué hago?
6|Victima|33|neutral|intoxicacion|Me dio un dolor en la panza bien gacho como si me explotara algo, ¿qué hago?
7|Victima|26|miedo|hemorragia_grave|Me corté la mano con una sierra no para de sangrar y me estoy mareando, tengo mucho miedo
8|Victima|31|neutral|trauma|Me resbalé en el baño y me quebré la muñeca el hueso se ve atravesado, ¿qué hago?
9|Victima|28|miedo|herida_balazo|Me dispararon en la pierna en la colonia no para de sangrar y creo que me voy a desmayar, por favor ayúdenme
10|Victima|34|neutral|trauma|Me cayó un block en la cabeza me duele muy fuerte y estoy sangrando un chingo, qué hago
11|Victima|29|neutral|hemorragia_grave|Tuve una pelea con mi esposa me golpeó y me cortó el brazo y no para de sangrar, ¿qué hago?
12|Victima|35|neutral|ataque_cardiaco|Me dio un dolor muy fuerte en el pecho que me sube al brazo y la mandíbula, ¿qué hago?
13|Victima|30|neutral|trauma|Iba en mi moto y un coche no me vio me estrellé contra la puerta
14|Victima|27|miedo|ataque_cardiaco|Estaba en mi casa y de repente me dio un dolor bien cabrón en el pecho, tengo miedo
15|Victima|33|neutral|trauma|Me cayó una tabla con clavos en la pierna se me atravesó y no deja de sangrar
16|Victima|31|neutral|trauma|Iba manejando y se me metió un tráiler me estampé contra el muro me duele todo el cuerpo
17|Victima|28|miedo|hemorragia_grave|Estaba cortando con un cuchillo y me corté no para la sangre y veo blanco, tengo mucho miedo
18|Victima|32|neutral|trauma|Me caí de un segundo piso en la obra me duele la espalda y no siento mis piernas, ¿qué hago?
19|Victima|29|miedo|anafilaxia|Me picó un alacrán en el pie se me está hinchando la garganta, no sé qué hacer
20|Victima|34|neutral|intoxicacion|Traigo un dolor en la panza que no aguanto como si me estuvieran retorciendo las tripas, ¿qué hago?
21|Victima|27|panico|ataque_cardiaco|¡AYUDA! ¡ME DUELE EL PECHO! ¡NO PUEDO RESPIRAR! ¡SIENTO QUE ME VOY A MORIR!
22|Victima|32|panico|trauma|¡NO MAMES! ¡CHOCAMOS! ¡NO SIENTO LAS PIERNAS! ¡AYUDA!
23|Victima|30|panico|trauma|¡ME CAÍ DE LA MOTO Y VEO LA CARNE! ¡NO PARA DE SANGRAR! ¡AYUDA!
24|Victima|28|panico|herida_balazo|¡ME DISPARARON! ¡NO PARA DE SANGRAR! ¡ME VOY A MORIR!
25|Victima|33|miedo|hemorragia_grave|Me picó una mantarraya y no dejo de sangrar, tengo mucho dolor, dios mío
26|Victima|29|panico|intoxicacion|¡CREO QUE ME VOY A MORIR! ¡ME DUELE LA PANZA HORRIBLE! ¡AYUDA!
27|Victima|31|panico|hemorragia_grave|¡NECESITO AYUDA! ¡ME CORTÉ LA MANO Y NO PARA LA SANGRE! ¡TENGO MUCHO MIEDO!
28|Victima|34|miedo|trauma|Ayúdame porfavor me quebré la muñeca, el hueso se ve atravesado y sangra, tengo miedo
29|Victima|27|panico|trauma|¡ME CAYÓ UN BLOCK EN LA CABEZA! ¡ESTOY SANGRANDO CABRÓN! ¡AYUDA!
30|Victima|32|panico|hemorragia_grave|¡NECESITO AYUDA! ¡MI ESPOSA ME CORTÓ EL BRAZO! ¡NO PARA DE SANGRAR!
31|Victima|35|panico|ataque_cardiaco|¡AYUDAME! ¡AYUDAME! ¡DOLOR EN EL PECHO! ¡NO PUEDO RESPIRAR! ¡APUÑALANDO!
32|Victima|28|panico|trauma|¡NO MAMES! ¡TRÁILER! ¡ESTAMPÉ! ¡PIERNAS! ¡AYUDAME!
33|Victima|31|panico|trauma|¡ME MORIR! ¡MOTO! ¡CARNE! ¡SANGRE! ¡AYUDA!
34|Victima|33|panico|herida_balazo|¡DISPARO! ¡PIERNA! ¡SANGRE! ¡MAREADO! ¡AYUDA!
35|Victima|29|panico|hemorragia_grave|¡NECESITO AYUDA! ¡MANTARRAYA! ¡SANGRE! ¡AYUDA!
36|Victima|30|panico|intoxicacion|¡PANZA EXPLOTA! ¡DOLOR! ¡SUDOR! ¡AYUDA!
37|Victima|34|panico|hemorragia_grave|¡SANGRE! ¡MANO! ¡NO PARA! ¡AYUDA!
38|Victima|27|panico|trauma|¡MUÑECA QUEBRADA! ¡HUESO! ¡SANGRE! ¡AYUDA!
39|Victima|32|panico|trauma|¡HOSPITAL! ¡CABEZA! ¡SANGRE! ¡DESMAYAR! ¡AYUDA!
40|Victima|28|panico|hemorragia_grave|¡CUCHILLO! ¡BRAZO! ¡SANGRE! ¡AYUDA!
41|Testigo|32|neutral|trauma|Mi compa se cayó del andamio está en el suelo y no se mueve, ¿qué hago?
42|Testigo|28|neutral|trauma|Mi amigo no respira después del choque ¿qué hago?
43|Testigo|30|ansiedad|convulsion|Mi novia se desmayó y está convulsionando en el antro no sé que hacer, estoy muy preocupado
44|Testigo|33|ansiedad|intoxicacion|Mi roomie se tomó pastillas y no despierta respira muy lento no sé qué hacer
45|Testigo|29|neutral|trauma|Mi hermano voló de la moto y está en el suelo con el brazo doblado, ¿qué hago?
46|Testigo|34|neutral|trauma|A mi compañero le cayó un tubo en la cabeza y está inconsciente
47|Testigo|27|ansiedad|ahogamiento|Mi amigo se metió al río y no salió ya van como 3 minutos, no sé qué hacer
48|Testigo|31|ansiedad|intoxicacion|Mi cuate tomó mucho y no responde está pálido y vomita, estoy muy preocupado
49|Testigo|28|miedo|ataque_cardiaco|Siento como si me estuvieran acuchillando tengo mucho dolor en el pecho y me duele el estómago, tengo miedo
50|Testigo|35|ansiedad|anafilaxia|Mi vecina se está poniendo morada por un camarón que comió, no sé si llamar a una ambulancia
51|Testigo|34|panico|trauma|¡MI CARNAL SE CAYÓ DEL SEGUNDO PISO! ¡NO RESPIRA! ¡AYUDA!
52|Testigo|29|panico|trauma|¡MI MORRA QUEDÓ PRENSADA! ¡NO RESPONDE! ¡AYUDAME WEY!
53|Testigo|31|panico|derrame_cerebral|¡MI JEFE SE DESMAYÓ! ¡NO RESPIRA! ¡TENGO MUCHO MIEDO!
54|Testigo|27|panico|trauma|¡MI CUATE SE CAYÓ CON LA BARRA EN EL CUELLO! ¡ESTÁ MORADO! ¡AYUDA!
55|Testigo|33|panico|intoxicacion|¡MI ROOMIE NO DESPIERTA! ¡ESTÁ TIESO! ¡AMBULANCIA!
56|Testigo|30|panico|trauma|¡MI COMPA SE CAYÓ EN LA OBRA! ¡SANGRA! ¡AYUDA!
57|Testigo|35|panico|trauma|¡MI AMIGO NO RESPIRA! ¡TIENE SANGRE! ¡AYUDA!
58|Testigo|28|panico|convulsion|¡AYUDAME! ¡MI NOVIA SE DESMAYÓ! ¡CONVULSIONA! ¡AYUDA!
59|Testigo|32|panico|intoxicacion|¡MI ROOMIE NO DESPIERTA! ¡RESPIRA LENTO! ¡SE VA A MORIR!
60|Testigo|34|panico|trauma|¡MI HERMANO VOLÓ DE LA MOTO! ¡SANGRA! ¡AYUDA!
61|Testigo|29|panico|trauma|¡CARNAL! ¡SEGUNDO PISO! ¡NO RESPIRA! ¡SANGRE! ¡AYUDA!
62|Testigo|31|panico|trauma|¡MORRA PRENSADA! ¡FIERRO! ¡PIERNA! ¡NO RESPONDE! ¡WEY!
63|Testigo|28|panico|derrame_cerebral|¡JEFE DESMAYADO! ¡NO RESPIRA! ¡PÁLIDO! ¡AYUDA!
64|Testigo|33|panico|trauma|¡CARNAL! ¡BARRA! ¡CUELLO! ¡MORADO! ¡AYUDA!
65|Testigo|30|panico|intoxicacion|¡SE MORIR! ¡ROOMIE! ¡TIESO! ¡AMBULANCIA! ¡AYUDA!
66|Testigo|35|panico|trauma|¡COMPA! ¡OBRA! ¡SANGRE! ¡NARIZ! ¡AYUDA!
67|Testigo|27|panico|trauma|¡AMIGO! ¡NO RESPIRA! ¡SANGRE! ¡BOCA! ¡AYUDA!
68|Testigo|32|panico|convulsion|¡NOVIA! ¡CONVULSIONA! ¡ESPUMA! ¡AYUDA!
69|Testigo|29|panico|intoxicacion|¡ROOMIE! ¡NO DESPIERTA! ¡RESPIRA LENTO! ¡AYUDA!
70|Testigo|34|panico|trauma|¡HERMANO! ¡MOTO! ¡SANGRE! ¡BRAZO! ¡AYUDA!
71|Victima|30|neutral|ataque_cardiaco|Siento un dolor intenso en el pecho no puedo respirar, ¿qué hago?
72|Victima|33|neutral|ataque_cardiaco|Tengo mucho dolor siento presión en el pecho no puedo respirar
73|Victima|28|ansiedad|trauma|Mi primo se cayó de la moto estaba bien y se desmayó de pronto no responde, no sé qué hacer
74|Victima|31|neutral|anafilaxia|Me comí un camarón en la playa y se me empezó a hinchar la garganta y la cara no puedo respirar bien y siento que me hormiguea el cuerpo, ¿qué hago?
75|Victima|29|neutral|anafilaxia|Me picó una abeja y siento que se me está cerrando la garganta me hormiguea todo el cuerpo y me duele mucho el pecho
76|Testigo|34|neutral|intoxicacion|Mi hijo comió algo se empezó a hinchar ahora tiene mucho dolor en el pecho y no para de vomitar
77|Victima|27|miedo|hemorragia_grave|Me corté la mano con el cuchillo siento que no puedo respirar bien y la sangre no para, tengo mucho miedo
78|Testigo|32|ansiedad|trauma|No mames mi primo se clavó un vidrio en el brazo y no para de sangrar está blanco qué hago
79|Testigo|30|neutral|trauma|Mi compañero se cayó y se golpeó la cabeza está sangrando mucho se puso pálido y perdió el conocimiento
80|Victima|35|neutral|intoxicacion|Mi amigo tomó demasiado alcohol en la fiesta ahora está inconsciente no responde cuando le hablo y respira muy lento
81|Victima|29|ansiedad|herida_balazo|Me chingaron me dieron un balazo en la pata y no deja de sangrar ya estoy viendo borroso wey ayúdame
82|Victima|32|ansiedad|trauma|No mames se me metió un tráiler y me estampé no siento las patas y veo bien borroso me voy a morir
83|Victima|28|ansiedad|trauma|Me caí de la moto y veo la carne del brazo está bien culero no para de sangrar duele
84|Victima|30|ansiedad|herida_balazo|Me dieron un balazo en la pierna no deja de sangrar y ya me estoy mareando wey me duele
85|Victima|33|ansiedad|hemorragia_grave|Me picó una mantarraya y no deja de sangrar me duele bien gacho la pierna no puedo caminar
86|Victima|29|ansiedad|intoxicacion|Wey me duele la panza bien cabrón como si me acuchillaran estoy sudando frío y no me puedo parar
87|Victima|31|ansiedad|hemorragia_grave|Wey me corté la mano y no para la sangre veo puntitos y me estoy mareando está bien gacho no sé qué hacer
88|Victima|34|ansiedad|trauma|Me quebré la muñeca el hueso se ve y sangra no puedo mover los dedos está bien culero
89|Victima|27|ansiedad|trauma|Me cayó un block en la cabeza estoy sangrando un chingo y creo que me voy a desmayar wey
90|Victima|32|ansiedad|hemorragia_grave|Mi vieja me cortó el brazo con un cuchillo no para de sangrar y me estoy mareando
91|Victima|28|confusion|ataque_cardiaco|Me duele el pecho bien feo como si alguien me estubiera apuñalando no puedo respirar, no entiendo qué pasa
92|Victima|33|confusion|trauma|Iba manejando y un camión me chocó de frente el volante me aplastó el pecho, esto no tiene sentido
93|Victima|30|confusion|trauma|Me caí de la moto en la carretera tengo raspado todo el brazo y veo la carnee, no sé qué hacer
94|Victima|29|confusion|trauma|Me cayó una lamina en la obra me aplastó la pierna y no la siento, todo es muy confuso
95|Victima|34|confusion|hemorragia_grave|Me picó una mantarraya en la playa no dejo de sangrar y me duele hasta la pierna, no sé a quién creer
96|Victima|27|confusion|intoxicacion|Me dio un dolor bien culero en la panza como si me explotara algo, no sé qué está pasando
97|Victima|31|confusion|hemorragia_grave|Me corté la mano con una sierra no para de sangrar y me estoy mareando, todo es muy ambiguo
98|Victima|32|confusion|trauma|Me resbalé en el baño y me quebré la muñeca el hueso se ve atrabesado, no entiendo nada
99|Victima|28|confusion|herida_balazo|Me dispararon en la pierna en la colonia no para de sangrar y me voy a desmayar, no sé si es real
100|Victima|35|confusion|trauma|Me cayó un block en la cabeza me duele bien feo y estoy sangrando un chingo, estoy desorientado
101|Testigo|30|ansiedad|trauma|Mi compa se cayó del andamio y no se mueve wey está bien grave le está sangrando mucho la nariz
102|Testigo|33|ansiedad|trauma|Mi carnal voló en el choque no respira y tiene sangre en la boca qué pedo wey qué hago
103|Testigo|29|ansiedad|convulsion|Mi morra se desmayó y está convulsionando wey no sé qué hacer culero
104|Testigo|31|ansiedad|intoxicacion|Tengo miedo mi roomie no despierta wey respira bien lento y hace ruidos raros
105|Testigo|34|ansiedad|trauma|Mi hermano voló de la moto y está en el suelo con el brazo doblado sangra un chingo
106|Testigo|28|ansiedad|trauma|A mi compa le cayó un tubo en la cabeza está inconsciente y está sangrando del oído
107|Testigo|32|ansiedad|ahogamiento|Mi cuate se metió al río y no salió wey ya van 3 minutos creo que se ahogó
108|Testigo|30|ansiedad|intoxicacion|Mi compa tomó mucho y no responde está pálido y vomita no lo puedo despertar qué pedo
109|Testigo|33|miedo|intoxicacion|Ayúdame por favor mi hermano se tomó toda una botella de tequila y ahora no despierta está pálido respira raro y no lo puedo mover, tengo mucho miedo
110|Testigo|29|ansiedad|anafilaxia|Mi vecina se está poniendo morada no puede respirar wey se comió un camarón y se le hinchó la cara qué tengo que hacer
111|Testigo|31|confusion|trauma|Mi compa se cayó del andamio está en el suelo y no se mueve, no entiendo qué pasó
112|Testigo|28|confusion|trauma|Mi amigo del copiloto no respira después del choque, no sé si es real
113|Testigo|34|confusion|convulsion|Mi novia se desmayó y está convulsionando en el antro no sé qué hacer, todo es muy confuso
114|Testigo|30|confusion|intoxicacion|Mi roomie se tomó pastillas y no despierta respira muy lento, no entiendo nada
115|Testigo|33|confusion|trauma|Mi hermano voló de la moto y está en el suelo con el brazo doblado, no sé qué pensar
116|Testigo|29|confusion|trauma|A mi compañero le cayó un tubo en la cabeza y está inconsciente, esto no tiene sentido
117|Testigo|32|confusion|ahogamiento|Ayuda mi amigo se metió al río y no salió ya van como 3 minutos, no sé qué hacer
118|Testigo|31|confusion|intoxicacion|Mi cuate tomó mucho y no responde está pálido y vomita que hago, no entiendo nada
119|Testigo|35|confusion|atragantamiento|El gato aplastó a mi primo no puede respirar y está morado, no sé qué está pasando
120|Testigo|27|confusion|anafilaxia|Por favor ayúdame mi vecina se está poniendo morada por un camarón que comió, no sé a quién creer
121|Victima|19|neutral|herida_balazo|Me dispararon en la pierna en la colonia no para de sangrar y me estoy mareando, ¿qué hago?
122|Testigo|22|neutral|trauma|Un carro chocó una persona está inconsciente no respira y a otro le duele el pecho
123|Victima|18|neutral|ahogamiento|Una corriente arrastró a mi amigo mientras nadaba en la playa tiene tos y le cuesta trabajo respirar
124|Victima|20|neutral|trauma|Me cayó una lámina en la obra me aplastó la pierna y no la siento
125|Victima|17|neutral|intoxicacion|Alguien le puso algo a mi bebida en la fiesta no controlo mi cuerpo
126|Testigo|23|neutral|intoxicacion|Creo que alguien le puso algo a la bebida de mi amigo en la fiesta ahora no controla su cuerpo y no responde tengo mucho miedo
127|Victima|16|neutral|trauma|Choqué jugando fútbol me golpeé la cabeza y veo borroso
128|Victima|24|neutral|trauma|Me resbalé en la regadera y me quebré la muñeca
129|Victima|21|neutral|anafilaxia|Me picó un alacrán en el pie se me hincha la garganta
130|Victima|18|neutral|trauma|Me caí de una moto en la carretera tengo raspado todo el brazo
131|Victima|19|miedo|herida_balazo|Ayúdame me dispararon no para de sangrar y me mareo creo que me voy a desmayar, no sé qué hacer
132|Victima|22|miedo|trauma|Tengo miedo choqué en la carretera me duele el pecho y no puedo respirar
133|Victima|18|miedo|ahogamiento|Creo que necesito ir al hospital, casi me ahogo en la playa me cuesta trabajo respirar, tengo miedo
134|Victima|20|miedo|trauma|No mames me cayó una lámina en la pierna no la siento y veo el hueso me duele muchísimo
135|Victima|17|miedo|intoxicacion|Alguien le puso algo a mi bebida no controlo mi cuerpo y me tiembla todo, tengo mucho miedo
136|Victima|23|miedo|trauma|Me reventaron el tímpano sangra y no escucho nada me duele muchísimo
137|Victima|16|miedo|trauma|Wey choqué jugando fútbol veo borroso y no recuerdo nada me duele la cabeza
138|Victima|24|miedo|trauma|Me quebré la muñeca el hueso se ve y sangra no puedo mover los dedos, tengo miedo
139|Victima|21|miedo|anafilaxia|Me duele mucho ayúdame me picó un alacrán se me hincha la garganta y no puedo respirar, no sé qué hacer
140|Victima|18|miedo|trauma|Me caí de la moto veo la carne del brazo y no para de sangrar me arde mucho
141|Victima|19|panico|herida_balazo|¡DISPARO! ¡PIERNA! ¡SANGRE! ¡MAREADO! ¡AYUDA!
142|Victima|22|panico|trauma|¡CHOQUE! ¡CARreTERA! ¡DUELE! ¡PECHO! ¡AYUDA!
143|Victima|18|panico|ahogamiento|¡AHOGO! ¡PLAYA! ¡TOS! ¡SANGRE! ¡AYUDA!
144|Victima|20|panico|trauma|¡LÁMINA! ¡PIERNA! ¡HUESO! ¡SANGRE! ¡AYUDA!
145|Victima|17|panico|intoxicacion|¡BEBIDA! ¡ALGUIEN! ¡ALGO! ¡TIEMBLO! ¡AYUDA!
146|Victima|23|panico|trauma|¡TÍMPANO ROTO! ¡SANGRE! ¡OÍDO! ¡AYUDA!
147|Victima|16|panico|trauma|¡FÚTBOL! ¡GOLPE! ¡CABEZA! ¡BORROSO! ¡AYUDA!
148|Victima|24|panico|trauma|¡MUÑECA QUEBRADA! ¡HUESO! ¡SANGRE! ¡AYUDA!
149|Victima|21|panico|anafilaxia|¡ALACRÁN! ¡GARGANTA! ¡HINCHADA! ¡AYUDA!
150|Victima|18|panico|trauma|¡MOTO! ¡CARNE! ¡BRAZO! ¡SANGRE! ¡AYUDA!
151|Victima|19|ansiedad|herida_balazo|Me chingaron me dieron un balazo en la pata y no deja de sangrar ya me estoy desmayando wey
152|Victima|22|ansiedad|trauma|No mames choqué bien feo en la carretera el volante me aplastó el pecho wey
153|Victima|18|ansiedad|ahogamiento|Casi me ahogo en la playa tos con sangre y me duele todo qué mal pedo
154|Victima|20|ansiedad|trauma|Me cayó una lámina en la chamba me aplastó la pata la tengo doblada y veo el hueso
155|Victima|17|ansiedad|intoxicacion|En la peda alguien le puso algo a mi chela no controlo mi cuerpo y tiemblo bien cabrón
156|Victima|23|ansiedad|trauma|Mi morra me dio una cachetada y me reventó el oído tengo sangre y no escucho nada
157|Victima|16|ansiedad|trauma|Estaba jugando fútbol y choqué veo borroso y no recuerdo nada está bien feo
158|Victima|24|ansiedad|trauma|Me resbalé en la regadera y me quebré la muñeca el hueso se ve está bien culero
159|Victima|21|ansiedad|anafilaxia|Me picó un alacrán se me hincha la garganta y no puedo respirar qué miedo wey
160|Victima|18|ansiedad|trauma|Me caí de la moto y veo la carne del brazo no para de sangrar está bien gacho
161|Testigo|22|neutral|trauma|Mi compa se cayó en la obra sangra de la nariz y no se mueve
162|Testigo|19|neutral|trauma|Mi amigo no respira después del choque tiene sangre en la boca
163|Testigo|23|neutral|convulsion|Mi novia se desmayó en el antro y está convulsionando
164|Testigo|20|neutral|intoxicacion|Mi roomie se tomó pastillas y no despierta respira lento
165|Testigo|18|neutral|trauma|Mi hermano voló de la moto tiene el brazo doblado y sangra
166|Testigo|24|neutral|trauma|A mi compañero le cayó un tubo en la cabeza
167|Testigo|21|neutral|ahogamiento|Mi amigo se metió al río y no salió ya van 3 minutos
168|Testigo|17|neutral|intoxicacion|Mi cuate tomó mucho y no responde está pálido y vomita
169|Testigo|22|neutral|atragantamiento|El gato aplastó a mi primo no puede respirar y está morado
170|Testigo|19|neutral|anafilaxia|Mi vecina se está poniendo morada y no puede respirar
171|Testigo|22|miedo|trauma|Mi compa se cayó en la obra sangra de la nariz y no se mueve, tengo mucho miedo
172|Testigo|19|miedo|trauma|Mi amigo no respira tiene sangre en la boca después del choque no sé si está vivo
173|Testigo|23|miedo|convulsion|Mi novia se desmayó está convulsionando y echando espuma no sé qué hacer
174|Testigo|20|miedo|intoxicacion|Mi roomie no despierta respira muy lento y hace ruidos raros tengo mucho miedo
175|Testigo|18|miedo|trauma|Mi hermano voló de la moto tiene el brazo doblado y sangra mucho ayuda
176|Testigo|24|miedo|trauma|A mi compañero le cayó un tubo está inconsciente y sangra del oído no reacciona
177|Testigo|21|miedo|ahogamiento|Mi amigo se ahogó en el río no sale ya van 3 minutos no lo encuentro
178|Testigo|17|miedo|intoxicacion|Mi cuate no responde tomó mucho y está pálido vomita y no lo despierto
179|Testigo|22|miedo|atragantamiento|El gato aplastó a mi primo no puede respirar y está morado tose sangre
180|Testigo|19|miedo|anafilaxia|Mi vecina no respira tiene la cara hinchada y se puso morada se comió un camarón
181|Testigo|22|panico|trauma|¡COMPA! ¡OBRA! ¡SANGRE! ¡NARIZ! ¡AYUDA!
182|Testigo|19|panico|trauma|¡AMIGO! ¡NO RESPIRA! ¡SANGRE! ¡BOCA! ¡AYUDA!
183|Testigo|23|panico|convulsion|¡NOVIA! ¡CONVULSIONA! ¡ESPUMA! ¡AYUDA!
184|Testigo|20|panico|intoxicacion|¡ROOMIE! ¡NO DESPIERTA! ¡RESPIRA LENTO! ¡AYUDA!
185|Testigo|18|panico|trauma|¡HERMANO! ¡MOTO! ¡SANGRE! ¡BRAZO! ¡AYUDA!
186|Testigo|24|panico|trauma|¡TUBO! ¡CABEZA! ¡SANGRE! ¡OÍDO! ¡AYUDA!
187|Testigo|21|panico|ahogamiento|¡RÍO! ¡AMIGO! ¡NO SALE! ¡AYUDA!
188|Testigo|17|panico|intoxicacion|¡CUATE! ¡VOMITA! ¡PÁLIDO! ¡AYUDA!
189|Testigo|22|panico|atragantamiento|¡PRIMO! ¡GATO! ¡MORADO! ¡AYUDA!
190|Testigo|19|panico|anafilaxia|¡VECINA! ¡MORADA! ¡CARA! ¡AYUDA!
191|Testigo|22|ansiedad|trauma|Mi compa se cayó en la obra wey sangra de la nariz y no se mueve está bien grave
192|Testigo|19|ansiedad|trauma|Mi amigo no respira después del choque tiene sangre en la boca qué pedo wey
193|Testigo|23|ansiedad|convulsion|Mi novia se desmayó en el antro y está convulsionando no sé qué hacer wey
194|Testigo|20|ansiedad|intoxicacion|Mi roomie se tomó pastillas y no despierta respira bien lento qué miedo wey
195|Testigo|18|ansiedad|trauma|Mi hermano voló de la moto tiene el brazo doblado y sangra un chingo está bien culero
196|Testigo|24|ansiedad|trauma|A mi compa le cayó un tubo en la cabeza y no reacciona wey está canijo
197|Testigo|21|ansiedad|ahogamiento|Mi cuate se metió al río y no salió ya van 3 minutos creo que se ahogó qué mal pedo
198|Testigo|17|ansiedad|intoxicacion|Mi compa tomó mucho y no responde está pálido y vomita no lo puedo despertar wey
199|Testigo|22|ansiedad|atragantamiento|Wey wey wey el aplastó a mi primo no puede respirar y se está poniendo morado
200|Testigo|19|ansiedad|anafilaxia|Mi vecina se está poniendo morada wey se comió un camarón y se le hinchó la cara
201|Victima|19|confusion|herida_balazo|Me dispararon en la pierna no para de sangrar y me estoy mareando, no entiendo qué pasa
202|Victima|22|confusion|trauma|Voy manejando en la carretera y choqué me duele el pecho y no puedo respirar, esto no tiene sentido
203|Victima|18|confusion|ahogamiento|Me metí a nadar a la playa y una corriente me arrastró casi me ahogo, no sé qué hacer
204|Victima|20|confusion|trauma|Me cayó una lámina en la obra me aplastó la pierna y no la siento, todo es muy confuso
205|Victima|17|confusion|intoxicacion|Alguien le puso algo a mi bebida en la fiesta no controlo mi cuerpo, no sé si es real
206|Victima|23|confusion|trauma|Mi novia me reventó el tímpano tengo sangre en el oído y no escucho, no entiendo nada
207|Victima|16|confusion|trauma|Choque jugando fútbol me golpeé la cabeza y veo borroso, no sé dónde estoy
208|Victima|24|confusion|trauma|Me resbalé en la regadera y me quebré la muñeca, todo es muy ambiguo
209|Victima|21|confusion|anafilaxia|Me picó un alacrán en el pie se me hincha la garganta, no sé qué está pasando
210|Victima|18|confusion|trauma|Me caí de una moto en la carretera tengo raspado todo el brazo, no sé a quién creer
211|Victima|45|neutral|trauma|Me caí de una escalera de 3 metros y me fracturé la muñeca no puedo mover la mano, ¿qué hago?
212|Victima|38|miedo|derrame_cerebral|Mi esposo no puede hablar y tiene la boca torcida creo que está teniendo un derrame, tengo mucho miedo
213|Victima|22|ansiedad|herida_balazo|Wey me alcanzó una bala en el hombro no para de sangrar y me estoy mareando
214|Victima|50|neutral|congelamiento|Llevo 6 horas en el frío mis dedos están negros y no los siento
215|Victima|33|panico|hemorragia_grave|¡ME CORTÉ LA PIERNA! ¡NO PARA DE SANGRAR! ¡AYUDA!
216|Victima|27|miedo|anafilaxia|Me picó una abeja en el cuello y no puedo respirar se me está cerrando la garganta, tengo miedo
217|Victima|41|neutral|intoxicacion|Mi hijo se tomó el líquido de abajo del lavabo está vomitando y no responde
218|Victima|29|ansiedad|atragantamiento|No mames mi morro se atoró con una canica y no respira qué hago
219|Victima|55|neutral|ataque_cardiaco|Me duele el pecho y siento que me falta el aire el dolor me sube al brazo izquierdo
220|Victima|19|panico|ahogamiento|¡CASI ME AHOGO EN LA PLAYA! ¡TOSO SANGRE! ¡AYUDA!
221|Victima|62|neutral|ataque_cardiaco|Me duele el pecho y se me sube al brazo izquierdo no puedo respirar bien
222|Victima|58|miedo|derrame_cerebral|Mi papá no puede mover un lado de la cara y no habla bien necesito ayuda, tengo miedo
223|Victima|47|neutral|hemorragia_grave|Me corté la pierna con una motosierra no para de sangrar y me estoy mareando
224|Victima|34|ansiedad|trauma|No mames me caí de la moto y me raspé todo el brazo veo la carne está bien culero
225|Victima|29|panico|convulsion|¡NO PUEDO PARAR DE TEMBLAR! ¡CONVULSIONES! ¡AYUDA!
226|Victima|44|neutral|anafilaxia|Me picó una avispa y la garganta se me está cerrando requiero atención inmediata
227|Victima|51|neutral|intoxicacion|Mi esposa tomó unas pastillas y no despierta respira muy lento no sé qué hacer
228|Victima|25|ansiedad|atragantamiento|Wey me atoré con un hueso no puedo respirar me pongo morado
229|Victima|67|neutral|ataque_cardiaco|Dolor intenso en el pecho con irradiación al brazo izquierdo y sudoración fría
230|Victima|32|panico|ahogamiento|¡ME AHOGUÉ EN EL RÍO! ¡TOSO SANGRE! ¡AYUDA!
231|Victima|36|neutral|trauma|Choqué en la carretera el volante me aplastó el pecho y no puedo respirar
232|Victima|43|miedo|derrame_cerebral|Mi mamá no puede hablar y tiene la boca torcida está tirada en el suelo, tengo mucho miedo
233|Victima|28|ansiedad|herida_balazo|Me chingaron me dieron un balazo en la espalda no para de sangrar
234|Victima|54|neutral|congelamiento|Llevo horas en la nieve mis dedos están blancos y no los siento
235|Victima|31|panico|hemorragia_grave|¡ME CORTÉ LA MANO! ¡NO PARA DE SANGRAR! ¡AYUDA!
236|Victima|39|miedo|anafilaxia|Me comí un camarón y se me está hinchando la garganta no puedo respirar, tengo miedo
237|Victima|46|neutral|intoxicacion|Mi hijo se tomó el líquido de abajo del lavabo no responde y está vomitando
238|Victima|24|ansiedad|atragantamiento|Wey mi sobrino se atoró con un dulce y no respira
239|Victima|63|neutral|ataque_cardiaco|Dolor opresivo en el pecho que se extiende al brazo y mandíbula
240|Victima|21|panico|ahogamiento|¡CASI ME AHOGO EN EL MAR! ¡TOSO SANGRE! ¡AYUDA!
241|Victima|40|neutral|trauma|Me caí de un andamio de 4 metros y me fracturé la pierna no puedo caminar
242|Victima|37|miedo|derrame_cerebral|Mi tío no puede mover la mitad del cuerpo y no habla, tengo miedo
243|Victima|26|ansiedad|herida_balazo|Wey me dieron un balazo en la pierna no deja de sangrar
244|Victima|52|neutral|congelamiento|Mis dedos de los pies están morados y no los siento
245|Victima|35|panico|hemorragia_grave|¡ME CORTÉ EL BRAZO! ¡NO PARA DE SANGRAR! ¡AYUDA!
246|Victima|42|miedo|anafilaxia|Me picó una abeja y se me está cerrando la garganta tengo miedo
247|Victima|49|neutral|intoxicacion|Mi hermana tomó demasiadas pastillas y no despierta
248|Victima|23|ansiedad|atragantamiento|No mames mi compa se atoró con un hueso y no respira
249|Victima|68|neutral|ataque_cardiaco|Dolor en el pecho acompañado de náuseas y sudoración
250|Victima|30|panico|ahogamiento|¡CASI ME AHOGO EN LA ALBERCA! ¡TOSO SANGRE! ¡AYUDA!
251|Victima|33|neutral|trauma|Me cayó una tabla con clavos en la pierna se me atravesó y no deja de sangrar
252|Victima|44|miedo|derrame_cerebral|Mi esposa no puede hablar y tiene la boca torcida, tengo mucho miedo
253|Victima|29|ansiedad|herida_balazo|Me dieron un balazo en la pierna wey no para de sangrar
254|Victima|56|neutral|congelamiento|Mis manos están blancas y no las siento por el frío
255|Victima|32|panico|hemorragia_grave|¡ME CORTÉ LA PIERNA CON UNA SIERRA! ¡SANGRE! ¡AYUDA!
256|Victima|41|miedo|anafilaxia|Me picó una avispa y no puedo respirar se me cierra la garganta, tengo miedo
257|Victima|48|neutral|intoxicacion|Mi mamá se tomó unas pastillas y no responde
258|Victima|27|ansiedad|atragantamiento|Wey mi niño se atoró con un juguete no respira
259|Victima|65|neutral|ataque_cardiaco|Dolor torácico con irradiación al brazo izquierdo y dificultad respiratoria
260|Victima|22|panico|ahogamiento|¡ME AHOGUÉ EN EL MAR! ¡NO PUEDO RESPIRAR! ¡AYUDA!
261|Victima|39|neutral|trauma|Me caí de las escaleras y me golpeé la cabeza veo borroso
262|Victima|46|miedo|derrame_cerebral|Mi papá no puede hablar y tiene la cara torcida ayuda, tengo miedo
263|Victima|34|ansiedad|herida_balazo|No mames me dieron un balazo en la pierna
264|Victima|53|neutral|congelamiento|Mis dedos están negros por el frío y no los siento
265|Victima|31|panico|hemorragia_grave|¡ME CORTÉ LA MANO! ¡SANGRE! ¡AYUDA!
266|Victima|43|miedo|anafilaxia|Me comí un marisco y se me hincha la garganta no puedo respirar, tengo miedo
267|Victima|50|neutral|intoxicacion|Mi hija tomó algo que no debía y no despierta
268|Victima|28|ansiedad|atragantamiento|Wey me atoré con la comida no respiro
269|Victima|66|neutral|ataque_cardiaco|Dolor en el pecho que sube al brazo y mandíbula
270|Victima|25|panico|ahogamiento|¡CASI ME AHOGO EN LA PLAYA! ¡AYUDA!
271|Victima|35|neutral|trauma|Me caí de la bicicleta y me raspé todo el brazo está sangrando
272|Victima|47|miedo|derrame_cerebral|Mi abuelo no puede mover el lado izquierdo del cuerpo, tengo miedo
273|Victima|30|ansiedad|herida_balazo|Me chingaron wey me dieron un balazo
274|Victima|54|neutral|congelamiento|Tengo congelamiento en los dedos de los pies
275|Victima|33|panico|hemorragia_grave|¡SANGRE! ¡MUCHA SANGRE! ¡AYUDA!
276|Victima|42|miedo|anafilaxia|Me picó una abeja y no puedo respirar tengo miedo
277|Victima|49|neutral|intoxicacion|Mi hermano tomó pastillas y no despierta
278|Victima|26|ansiedad|atragantamiento|No mames me atoré con un hueso
279|Victima|64|neutral|ataque_cardiaco|Dolor en el pecho y dificultad para respirar
280|Victima|23|panico|ahogamiento|¡ME AHOGUÉ EN EL RÍO! ¡AYUDA!
281|Victima|38|neutral|trauma|Me caí de la moto y me fracturé la pierna
282|Victima|45|miedo|derrame_cerebral|Mi mamá tiene la boca torcida y no habla, tengo mucho miedo
283|Victima|32|ansiedad|herida_balazo|Wey me dieron un balazo en el brazo
284|Victima|55|neutral|congelamiento|No siento los dedos por el frío
285|Victima|34|panico|hemorragia_grave|¡ME CORTÉ! ¡NO PARA DE SANGRAR! ¡AYUDA!
286|Victima|41|miedo|anafilaxia|Se me cierra la garganta por una picadura, tengo miedo
287|Victima|50|neutral|intoxicacion|Mi esposo tomó pastillas y no responde
288|Victima|29|ansiedad|atragantamiento|Wey no puedo respirar me atoré
289|Victima|67|neutral|ataque_cardiaco|Dolor torácico intenso y sudoración
290|Victima|24|panico|ahogamiento|¡CASI ME AHOGO! ¡AYUDA!
291|Victima|37|neutral|trauma|Me caí de un árbol y me fracturé el brazo
292|Victima|48|miedo|derrame_cerebral|Mi papá no puede hablar ni mover la cara, tengo miedo
293|Victima|31|ansiedad|herida_balazo|Me dieron un balazo wey
294|Victima|56|neutral|congelamiento|Tengo los dedos congelados y no los siento
295|Victima|35|panico|hemorragia_grave|¡SANGRE! ¡NO PARA! ¡AYUDA!
296|Victima|43|miedo|anafilaxia|No puedo respirar por una picadura, tengo miedo
297|Victima|51|neutral|intoxicacion|Mi mamá tomó pastillas y no despierta
298|Victima|28|ansiedad|atragantamiento|Wey no respiro me atoré
299|Victima|69|neutral|ataque_cardiaco|Dolor en el pecho y el brazo izquierdo
300|Victima|26|panico|ahogamiento|¡ME AHOGUÉ! ¡AYUDA!
301|Victima|44|neutral|trauma|Me caí de la escalera y me fracturé la pierna
302|Victima|49|miedo|derrame_cerebral|Mi esposo no puede hablar ni mover la cara, tengo mucho miedo
303|Victima|33|ansiedad|herida_balazo|No mames me dieron un balazo en la pierna
304|Victima|58|neutral|congelamiento|Mis dedos están blancos y no los siento
305|Victima|36|panico|hemorragia_grave|¡ME CORTÉ EL BRAZO! ¡SANGRE! ¡AYUDA!
306|Victima|45|miedo|anafilaxia|Se me está cerrando la garganta no puedo respirar, tengo miedo
307|Victima|52|neutral|intoxicacion|Mi hijo tomó algo y no despierta
308|Victima|30|ansiedad|atragantamiento|No mames me atoré con la comida
309|Victima|70|neutral|ataque_cardiaco|Dolor en el pecho y falta de aire
310|Victima|27|panico|ahogamiento|¡CASI ME AHOGO! ¡AYUDA! ¡AYUDA!
311|Victima|40|neutral|trauma|Me caí de la bicicleta y me fracturé el brazo
312|Victima|46|miedo|derrame_cerebral|Mi mamá tiene la cara torcida no habla, tengo miedo
313|Victima|34|ansiedad|herida_balazo|Wey me dieron un balazo en la pierna
314|Victima|55|neutral|congelamiento|Tengo congelamiento en las manos
315|Victima|32|panico|hemorragia_grave|¡SANGRE! ¡MUCHA SANGRE! ¡AYUDA! ¡RÁPIDO!
316|Victima|44|miedo|anafilaxia|No puedo respirar por la picadura de una abeja, tengo miedo
317|Victima|53|neutral|intoxicacion|Mi hermana tomó pastillas y no responde
318|Victima|29|ansiedad|atragantamiento|Wey me atoré con un hueso no respiro
319|Victima|68|neutral|ataque_cardiaco|Dolor intenso en el pecho y brazo izquierdo
320|Victima|25|panico|ahogamiento|¡ME AHOGUÉ EN EL MAR! ¡AYUDA!
321|Victima|42|neutral|trauma|Me caí de la moto y me fracturé la pierna
322|Victima|47|miedo|derrame_cerebral|Mi papá no puede mover el brazo ni hablar, tengo miedo
323|Victima|35|ansiedad|herida_balazo|No mames me dieron un balazo en la pierna
324|Victima|57|neutral|congelamiento|No siento los dedos de los pies
325|Victima|33|panico|hemorragia_grave|¡ME CORTÉ! ¡NO PARA DE SANGRAR! ¡AYUDA!
326|Victima|46|miedo|anafilaxia|Se me cierra la garganta por una picadura de avispa, tengo miedo
327|Victima|54|neutral|intoxicacion|Mi esposo tomó algo y no despierta
328|Victima|31|ansiedad|atragantamiento|Wey no puedo respirar me atoré
329|Victima|66|neutral|ataque_cardiaco|Dolor en el pecho y sudoración fría
330|Victima|28|panico|ahogamiento|¡CASI ME AHOGO EN EL RÍO! ¡AYUDA!
331|Victima|43|neutral|trauma|Me caí de las escaleras y me fracturé la muñeca
332|Victima|50|miedo|derrame_cerebral|Mi hermana tiene la boca torcida no habla, tengo mucho miedo
333|Victima|36|ansiedad|herida_balazo|Me chingaron me dieron un balazo en la pierna
334|Victima|59|neutral|congelamiento|Mis dedos están congelados y no los siento
335|Victima|34|panico|hemorragia_grave|¡ME CORTÉ LA PIERNA! ¡NO PARA DE SANGRAR! ¡AYUDA!
336|Victima|47|miedo|anafilaxia|No puedo respirar por una picadura de abeja, tengo miedo
337|Victima|55|neutral|intoxicacion|Mi hijo tomó pastillas y no despierta
338|Victima|32|ansiedad|atragantamiento|No mames me atoré con la comida no respiro
339|Victima|69|neutral|ataque_cardiaco|Dolor en el pecho que sube al brazo
340|Victima|29|panico|ahogamiento|¡ME AHOGUÉ EN LA ALBERCA! ¡AYUDA!
341|Victima|45|neutral|trauma|Me caí de un segundo piso y me fracturé la pierna
342|Victima|51|miedo|derrame_cerebral|Mi esposo no puede mover el lado izquierdo, tengo miedo
343|Victima|37|ansiedad|herida_balazo|Wey me dieron un balazo en la pierna
344|Victima|60|neutral|congelamiento|Tengo congelamiento en los dedos de las manos
345|Victima|35|panico|hemorragia_grave|¡SANGRE! ¡NO PARA! ¡AYUDA! ¡AYUDA!
346|Victima|48|miedo|anafilaxia|Se me está cerrando la garganta no puedo respirar, tengo miedo
347|Victima|56|neutral|intoxicacion|Mi hermana tomó pastillas y no responde
348|Victima|33|ansiedad|atragantamiento|Wey me atoré con un hueso no respiro
349|Victima|70|neutral|ataque_cardiaco|Dolor torácico intenso y falta de aire
350|Victima|30|panico|ahogamiento|¡CASI ME AHOGO EN LA PLAYA! ¡AYUDA!
351|Victima|41|neutral|trauma|Me caí de la bicicleta y me fracturé el brazo
352|Victima|49|miedo|derrame_cerebral|Mi papá tiene la cara torcida no habla, tengo miedo
353|Victima|38|ansiedad|herida_balazo|No mames me dieron un balazo en el hombro
354|Victima|54|neutral|congelamiento|Mis manos están blancas y no las siento
355|Victima|34|panico|hemorragia_grave|¡ME CORTÉ EL BRAZO! ¡NO PARA DE SANGRAR! ¡AYUDA!
356|Victima|46|miedo|anafilaxia|Me picó una avispa y no puedo respirar, tengo miedo
357|Victima|53|neutral|intoxicacion|Mi hermano tomó algo y no despierta
358|Victima|31|ansiedad|atragantamiento|Wey no respiro me atoré
359|Victima|67|neutral|ataque_cardiaco|Dolor en el pecho y brazo izquierdo
360|Victima|27|panico|ahogamiento|¡ME AHOGUÉ EN EL RÍO! ¡AYUDA!
361|Victima|44|neutral|trauma|Me caí de la escalera y me fracturé la pierna
362|Victima|50|miedo|derrame_cerebral|Mi mamá no puede mover la cara ni hablar, tengo mucho miedo
363|Victima|36|ansiedad|herida_balazo|Wey me dieron un balazo en la pierna
364|Victima|58|neutral|congelamiento|No siento los dedos de los pies
365|Victima|33|panico|hemorragia_grave|¡SANGRE! ¡MUCHA SANGRE! ¡AYUDA!
366|Victima|47|miedo|anafilaxia|No puedo respirar por una picadura de abeja, tengo miedo
367|Victima|55|neutral|intoxicacion|Mi esposa tomó pastillas y no despierta
368|Victima|32|ansiedad|atragantamiento|No mames me atoré con la comida
369|Victima|68|neutral|ataque_cardiaco|Dolor en el pecho y sudoración
370|Victima|29|panico|ahogamiento|¡CASI ME AHOGO! ¡AYUDA!
371|Victima|42|neutral|trauma|Me caí de la moto y me fracturé la pierna
372|Victima|48|miedo|derrame_cerebral|Mi papá tiene la boca torcida no habla, tengo miedo
373|Victima|37|ansiedad|herida_balazo|No mames me dieron un balazo
374|Victima|56|neutral|congelamiento|Tengo congelamiento en los dedos
375|Victima|34|panico|hemorragia_grave|¡ME CORTÉ! ¡NO PARA DE SANGRAR! ¡AYUDA!
376|Victima|45|miedo|anafilaxia|Se me cierra la garganta por una picadura, tengo miedo
377|Victima|52|neutral|intoxicacion|Mi hijo tomó pastillas y no responde
378|Victima|30|ansiedad|atragantamiento|Wey no puedo respirar me atoré
379|Victima|66|neutral|ataque_cardiaco|Dolor en el pecho y brazo izquierdo
380|Victima|28|panico|ahogamiento|¡ME AHOGUÉ EN LA PLAYA! ¡AYUDA!
381|Victima|43|neutral|trauma|Me caí de las escaleras y me fracturé la muñeca
382|Victima|49|miedo|derrame_cerebral|Mi esposa no puede mover el lado izquierdo, tengo mucho miedo
383|Victima|35|ansiedad|herida_balazo|Wey me dieron un balazo en la pierna
384|Victima|57|neutral|congelamiento|No siento mis manos por el frío
385|Victima|32|panico|hemorragia_grave|¡ME CORTÉ LA PIERNA! ¡SANGRE! ¡AYUDA!
386|Victima|46|miedo|anafilaxia|No puedo respirar por una picadura de avispa, tengo miedo
387|Victima|54|neutral|intoxicacion|Mi hermana tomó pastillas y no despierta
388|Victima|31|ansiedad|atragantamiento|Wey me atoré con un hueso
389|Victima|69|neutral|ataque_cardiaco|Dolor torácico y falta de aire
390|Victima|29|panico|ahogamiento|¡CASI ME AHOGO EN EL RÍO! ¡AYUDA!
391|Victima|44|neutral|trauma|Me caí de la bicicleta y me fracturé el brazo
392|Victima|50|miedo|derrame_cerebral|Mi papá tiene la cara torcida, tengo miedo
393|Victima|38|ansiedad|herida_balazo|No mames me dieron un balazo en el hombro
394|Victima|55|neutral|congelamiento|Mis dedos están congelados
395|Victima|33|panico|hemorragia_grave|¡SANGRE! ¡NO PARA! ¡AYUDA!
396|Victima|47|miedo|anafilaxia|Se me está cerrando la garganta, tengo miedo
397|Victima|53|neutral|intoxicacion|Mi esposo tomó pastillas y no despierta
398|Victima|32|ansiedad|atragantamiento|Wey no respiro me atoré
399|Victima|67|neutral|ataque_cardiaco|Me duele mucho el pecho y brazo
400|Victima|30|panico|ahogamiento|¡ME AHOGUÉ! ¡AYUDA!
401|Victima|34|panico|ataque_cardiaco|¡DIOS MÍO! ¡ME DUELE EL PECHO! ¡NO PUEDO RESPIRAR! ¡AYUDA!
402|Victima|28|panico|hemorragia_grave|¡POR FAVOR DIOS! ¡NO PARA DE SANGRAR! ¡ME VOY A MORIR!
403|Victima|41|panico|trauma|¡DIOS SANTO! ¡ME CAÍ DE UN ANDAMIO! ¡NO SIENTO LAS PIERNAS!
404|Victima|23|panico|herida_balazo|¡DIOS MÍO AYÚDAME! ¡ME DISPARARON! ¡SANGRA MUCHO!
405|Victima|36|panico|ahogamiento|¡DIOS MÍO! ¡CASI ME AHOGO! ¡TOSO SANGRE!
406|Victima|29|panico|anafilaxia|¡POR FAVOR DIOS! ¡SE ME CIERRA LA GARGANTA! ¡NO PUEDO RESPIRAR!
407|Victima|45|panico|convulsion|¡DIOS SANTO! ¡MI HIJO ESTÁ CONVULSIONANDO! ¡AYUDA!
408|Victima|32|panico|intoxicacion|¡DIOS MÍO AYÚDAME! ¡MI ESPOSA TOMÓ PASTILLAS! ¡NO DESPIERTA!
409|Victima|50|panico|trauma|¡POR FAVOR DIOS! ¡ME QUEBRÉ LA CADERA! ¡NO PUEDO MOVERME!
410|Victima|27|panico|hemorragia_grave|¡DIOS SANTO! ¡ME CORTÉ LA MANO! ¡SANGRE POR TODOS LADOS!
411|Victima|39|panico|ataque_cardiaco|¡DIOS MÍO! ¡EL DOLOR EN EL PECHO ES HORRIBLE! ¡NO PUEDO RESPIRAR!
412|Victima|31|panico|trauma|¡POR FAVOR DIOS! ¡ME CAÍ DE UN SEGUNDO PISO! ¡NO SIENTO LAS PIERNAS!
413|Victima|43|panico|intoxicacion|¡DIOS SANTO! ¡MI HERMANO TOMÓ ALGO! ¡NO RESPONDE!
414|Victima|26|panico|anafilaxia|¡DIOS MÍO AYÚDAME! ¡SE ME ESTÁ CERRANDO LA GARGANTA! ¡NO PUEDO RESPIRAR!
415|Victima|48|panico|hemorragia_grave|¡POR FAVOR DIOS! ¡NO PARA DE SANGRAR! ¡ME ESTOY MAREANDO!
416|Victima|38|miedo|ataque_cardiaco|Dios mío, me duele el pecho y se me sube al brazo, tengo mucho miedo
417|Victima|30|miedo|trauma|Por favor Dios, me caí de la moto y veo el hueso, no sé qué hacer
418|Victima|42|miedo|derrame_cerebral|Dios santo, mi papá no puede hablar ni mover la cara, necesito ayuda
419|Victima|26|miedo|anafilaxia|Dios mío ayúdame, me picó una abeja y no puedo respirar
420|Victima|33|miedo|hemorragia_grave|Por favor Dios, no para de sangrar y me estoy mareando
421|Victima|39|miedo|intoxicacion|Dios mío, mi hermana tomó pastillas y no despierta, tengo mucho miedo
422|Victima|22|miedo|ahogamiento|Dios santo, casi me ahogo en el río y tos con sangre
423|Victima|44|miedo|convulsion|Por favor Dios, mi hijo lleva 5 minutos convulsionando, no sé qué hacer
424|Victima|31|miedo|trauma|Dios mío ayúdame, me caí de la escalera y no puedo mover la pierna
425|Victima|55|miedo|ataque_cardiaco|Dios mío, siento que me voy a morir, el dolor en el pecho es horrible
426|Victima|47|miedo|trauma|Dios mío, mi esposo chocó y está inconsciente, no respira, tengo mucho miedo
427|Victima|28|miedo|herida_balazo|Por favor Dios, me dieron un balazo en la pierna y no para de sangrar
428|Victima|52|miedo|intoxicacion|Dios santo, mi mamá se tomó un frasco de pastillas y no despierta
429|Victima|34|miedo|trauma|Dios mío ayúdame, me caí de un segundo piso y no siento las piernas
430|Victima|48|miedo|anafilaxia|Por favor Dios, se me está cerrando la garganta por una picadura de avispa
431|Victima|30|ansiedad|ataque_cardiaco|Dios mío, me duele el pecho y no sé si es grave o solo estoy nervioso, no sé qué hacer
432|Victima|35|ansiedad|hemorragia_grave|Por favor Dios, no para de sangrar pero no sé si es tan grave, tengo miedo de exagerar
433|Victima|28|ansiedad|trauma|Dios santo, me caí y me duele la cabeza, no sé si ir al hospital o esperar
434|Victima|42|ansiedad|intoxicacion|Dios mío ayúdame, mi hijo tomó algo pero no sé qué fue, estoy desesperado
435|Victima|26|ansiedad|anafilaxia|Por favor Dios, me picó una abeja y se me está hinchando la mano, no sé si es alergia
436|Victima|33|ansiedad|convulsion|Dios mío, mi hermano está temblando pero no sé si es convulsión o solo frío, no sé qué hacer
437|Victima|45|ansiedad|ataque_cardiaco|Dios santo, siento presión en el pecho pero no sé si es ansiedad o algo peor
438|Victima|29|ansiedad|hemorragia_grave|Por favor Dios, me corté pero no sé si necesito puntos, no dejo de pensar en eso
439|Victima|38|ansiedad|trauma|Dios mío ayúdame, mi esposo se golpeó la cabeza y está mareado, no sé si llevarlo al hospital
440|Victima|31|ansiedad|intoxicacion|Dios mío, mi amiga tomó pastillas y está dormida pero respira bien, no sé si llamar a una ambulancia
441|Victima|40|ansiedad|anafilaxia|Por favor Dios, se me está poniendo la piel roja y me pica, pero no sé si es alergia grave
442|Victima|34|ansiedad|trauma|Dios santo, me resbalé y me duele la muñeca, no sé si está rota o solo es un esguince
443|Victima|27|ansiedad|convulsion|Dios mío ayúdame, mi bebé está raro y tiembla, no sé si es una convulsión o solo fiebre
444|Victima|50|ansiedad|ataque_cardiaco|Por favor Dios, me duele la espalda y el pecho pero no sé si es el corazón o solo estrés
445|Victima|24|ansiedad|intoxicacion|Dios mío, mi hermana tomó algo y está confundida, no sé qué hacer, estoy muy angustiada